MSE,RMSE,MAE,R2,Explained Variance
11.250489711761475,2.781098068749127,2.1174566984176635,-108.22847427129746,-15.387873844155243
