MSE,RMSE,MAE,R2,Explained Variance
14.334460639953614,2.9902945670034313,2.339686727523804,-155.97607372999192,-20.56881091175759
